Question,candidate,reference,Rouge_1_Score,Fact_score,Score
"Hiện tôi 26 tuổi, tôi muốn đi nghĩa vụ Công an có được không?","Để tham gia nghĩa vụ Công an, bạn cần đáp ứng các yêu cầu sau đây:

1. Bạn phải là công dân Việt Nam, có hộ khẩu thường trú tại Việt Nam.
2. Độ tuổi từ đủ 18 đến hết 25 tuổi.
3. Đối với thanh niên tình nguyện phục vụ trong Công an nhân dân từ đủ 18 tuổi đến hết 22 tuổi.
4. Có phẩm chất đạo đức tốt, đảm bảo sức khỏe thực hiện nhiệm vụ.
5. Không có tiền án, tiền sự.

Sau khi đáp ứng những yêu cầu này, bạn sẽ trải qua quá trình tuyển chọn nghiêm ngặt bao gồm kiểm tra thể lực, phỏng vấn và đánh giá hồ sơ cá nhân. Nếu vượt qua tất cả các bước này, bạn sẽ được đào tạo và phân công vào một vai trò cụ thể trong ngành Công an. ","1. Công dân nước Cộng hòa xã hội chủ nghĩa Việt Nam từ đủ 18 tuổi đến hết 25 tuổi; công dân được đào tạo trình độ cao đẳng, đại học đã được tạm hoãn gọi nhập ngũ theo quy định của Luật Nghĩa vụ quân sự thì tuyển chọn đến hết 27 tuổi.2. Tuyển cho các đơn vị Cảnh sát cơ động, Cảnh sát bảo vệ, Cảnh sát đặc nhiệm, Cảnh vệ: công dân từ đủ 18 tuổi đến hết 22 tuổi. Những địa phương khó khăn về nguồn tuyển, không có khả năng bảo đảm đủ chỉ tiêu thì có thể tuyển chọn đến hết 25 tuổi.”Như vậy, trường hợp công dân 26 tuổi nếu được đào tạo trình độ cao đẳng, đại học đã được tạm hoãn gọi nhập ngũ theo quy định thì vẫn trong độ tuổi tuyển chọn nghĩa vụ Công an.",0.7407407407407407,0.8,0.7822222222222222
Cách thức thực hiện việc gửi đề xuất nhiệm vụ khoa học và công nghệ?,"Các đề xuất đặt hàng đề tài, dự án về Bộ (qua Vụ Khoa học, Công nghệ và Môi trường) bằng cách nộp trực tiếp hoặc qua đường bưu điện. ",Đề xuất nhiệm vụ KHCN có thể gửi trực tiếp tại văn thư của Bộ Nông nghiệp và PTNT hoặc qua đường bưu điện.,0.7000000000000001,1.0,0.91
"Thế nào là phương thức tuyển chọn hoặc giao trực tiếp đề tài, dự án SXTN cấp Bộ Nông nghiệp và Phát triển nông thôn?","Các phương pháp tuyển chọn hoặc giao trực tiếp đề tài, dự án sản xuất thử nghiệm (SXTN) cấp Bộ Nông nghiệp và Phát triển nông thôn bao gồm việc thông báo tuyển chọn hoặc giao trực tiếp cho các tổ chức và cá nhân tiềm năng, sau đó nhận đơn đăng ký tham gia tuyển chọn hoặc giao trực tiếp từ các ứng viên đủ điều kiện. Các bước này thường được quy định bởi cơ quan chịu trách nhiệm quản lý các hoạt động nghiên cứu và phát triển của Bộ, chẳng hạn như Vụ Khoa học, Công nghệ và Môi trường. ","Tuyển chọn tổ chức, cá nhân chủ trì đề tài/dự án là quá trình đánh giá hồ sơ đăng ký thực hiện một đề tài/dự án đã được Bộ trưởng Bộ NN&PTNT phê duyệt, để tuyển chọn theo nguyên tắc cạnh tranh và xác định tổ chức, cá nhân có đủ năng lực và các điều kiện chủ trì thực hiện đề tài/dự án.- Giao trực tiếp tổ chức, cá nhân chủ trì đề tài/dự án là quá trình lựa chọn tổ chức, cá nhân thực hiện đề tài/dự án theo đặt hàng của Bộ NN&PTNT thông qua việc xem xét, đánh giá hồ sơ của tổ chức, cá nhân có năng lực và điều kiện cần thiết được giao trực tiếp chuẩn bị hồ sơ.",0.664756446991404,0.9,0.8294269340974212
Bảo hiểm y tế là gì?,"Bảo hiểm y tế là chế độ bắt buộc do Nhà nước tổ chức thực hiện nhằm chăm sóc sức khỏe cho mọi người dân không vì mục đích lợi nhuận, góp phần bảo vệ sức khỏe, tính mạng con người và ổn định đời sống xã hội. ","Bảo hiểm y tế là hình thức bảo hiểm bắt buộc được áp dụng đối với các đối tượng theo quy định của Luật BHYT để chăm sóc sức khỏe, không vì mục đích lợi nhuận do Nhà nước tổ chức thực hiện.",0.7724137931034483,0.9,0.8617241379310345
Công dân phải đổi thẻ Căn cước công dân trong những trường hợp nào?,"Công dân phải đổi thẻ Căn cước công dân khi bị hư hỏng không sử dụng được; thay đổi thông tin về họ, tên, đặc điểm nhân dạng; khi công dân đủ 25 tuổi, đủ 40 tuổi và đủ 60 tuổi. ","Thẻ Căn cước công dân phải được đổi khi công dân đủ 25 tuổi, đủ 40 tuổi và đủ 60 tuổi;- Thẻ bị hư hỏng không sử dụng được;- Thay đổi thông tin về họ, chữ đệm, tên; đặc điểm nhân dạng;- Xác định lại giới tính, quê quán;- Có sai sót về thông tin trên thẻ Căn cước công dân;- Khi công dân có yêu cầu.",0.7435897435897436,0.8,0.783076923076923
